sps_score,nsps_score
954,28.058823529411764
726,29.04
453,17.423076923076923
